{
    "values_c": [
        0.9550882595105443,
        0.0,
        0.12097422326847368
    ],
    "useErrors": 0
}