{
    "eigen_values": [
        0.9627718676730985,
        1.537228132326902,
        0.5000000000000001
    ],
    "eigen_vectors": [
        [
            0.9670543624270792,
            -0.180008138858713,
            -0.180008138858713
        ],
        [
            0.25456995131153126,
            0.683810697448221,
            0.683810697448221
        ],
        [
            0.0,
            -0.7071067811865476,
            0.7071067811865476
        ]
    ],
    "useErrors": "",
    "determinant": 0,
    "convergenceInterationNumber": 2
}